DISTRICT_CODE,DISTRICT_NAME,PARISH_CODE,PARISH_NAME,PS_CODE,PS_NAME,Reg. Voters,AMURIAT,KABULETA,KALEMBE ,KATUMBA ,KYAGULANYI ,KYAGULANYI %,KYAGULANYI %,MAO ,MAYAMBA ,MUGISHA ,MWESIGYE ,TUMUKUNDE,YOWERI,YOWERI%,YOWERI%,VALID,INVALID,TOTAL,VOTER TURNOUT
62,ISINGIRO,42,KISHUNJU WARD,1,BUGANGO CATHOLIC CHURCH I,841,0,0,0,0,0,0,0,0,0,0,0,0,841,100,100,841,0,841,100
65,KIRUHURA,23,RWABARATA,1,RWEMIKUNYU PRI SCH,826,0,0,0,0,0,0,0,0,0,0,0,0,826,100,100,826,0,826,100
65,KIRUHURA,18,EMBARE,7,KYEIBUZA PRI SCH,801,0,0,0,0,0,0,0,0,0,0,0,0,801,100,100,801,0,801,100
131,KAZO,44,RWEMIRONDO WARD,1,RWEMIRONDO PRI SCH,799,0,0,0,0,0,0,0,0,0,0,0,0,799,100,100,799,0,799,100
62,ISINGIRO,18,NYAMARUNGI,2,NYAMARUNGI PRI SCH,797,0,0,0,0,0,0,0,0,0,0,0,0,789,100,100,789,8,797,100
131,KAZO,7,MAGONDO,1,MAGONDO PRI SCH,783,0,0,0,0,0,0,0,0,0,0,0,0,783,100,100,783,0,783,100
62,ISINGIRO,4,MUREMA WARD,2,MUREMA HEALTH CENTRE,761,0,0,0,0,0,0,0,0,0,0,0,0,759,100,100,759,2,761,100
131,KAZO,9,KIGUMA,3,NYAKATANDURA C.O.U COMPOUND,753,0,0,0,0,0,0,0,0,0,0,0,0,749,100,100,749,4,753,100
62,ISINGIRO,39,RURONGO,1,RURONGO C.O.U,745,0,0,0,0,0,0,0,0,0,0,0,0,745,100,100,745,0,745,100
131,KAZO,4,MIGINA,4,MIGINA PRI SCH,729,0,0,0,0,0,0,0,0,0,0,0,0,728,100,100,728,1,729,100
65,KIRUHURA,10,KAITANTUREGYE,1,KAITANTUREGYE PRI SCH,691,0,0,0,0,0,0,0,0,0,0,0,0,688,100,100,688,3,691,100
131,KAZO,9,KIGUMA,1,KIGUMA PRI SCH I,691,0,0,0,0,0,0,0,0,0,0,0,0,691,100,100,691,0,691,100
65,KIRUHURA,20,KAYONZA,9,RUGAGA KYENSHAMA JUNCTION A,689,0,0,0,0,0,0,0,0,0,0,0,0,688,100,100,688,1,689,100
34,NTUNGAMO,49,KANYERERE,1,KANYERERE PRI SCH,675,0,0,0,0,0,0,0,0,0,0,0,0,675,100,100,675,0,675,100
131,KAZO,28,BUGARIHE,4,RWAKAKUNGU TRADING CENTRE,673,0,0,0,0,0,0,0,0,0,0,0,0,661,100,100,661,12,673,100
62,ISINGIRO,29,KASHARIRA WARD,2,KABURA PRI SCH,671,0,0,0,0,0,0,0,0,0,0,0,0,668,100,100,668,3,671,100
34,NTUNGAMO,28,NGOMBA WARD,4,RUZINGA,654,0,0,0,0,0,0,0,0,0,0,0,0,653,100,100,653,1,654,100
65,KIRUHURA,4,AKABAARE,2,RUTAREMWA PRI SCH,653,0,0,0,0,0,0,0,0,0,0,0,0,653,100,100,653,0,653,100
131,KAZO,46,BISHOZI,2,BISHOZI C.O.U PRI SCH,644,0,0,0,0,0,0,0,0,0,0,0,0,642,100,100,642,2,644,100
131,KAZO,9,KIGUMA,2,KISHEBASHEBE BOREHOLE,641,0,0,0,0,0,0,0,0,0,0,0,0,640,100,100,640,1,641,100
45,SSEMBABULE,19,KAIRASYA,2,KAIRASYA,639,0,0,0,0,0,0,0,0,0,0,0,0,636,100,100,636,3,639,100
45,SSEMBABULE,13,KABAAREKEERA,1,KABAREKERA,638,0,0,0,0,0,0,0,0,0,0,0,0,626,100,100,626,12,638,100
65,KIRUHURA,24,KANYARYERU RES SCH,3,KANYARYERU SUB COUNTY HQTRS,635,0,0,0,0,0,0,0,0,0,0,0,0,635,100,100,635,0,635,100
131,KAZO,14,RWIGI,1,RWIIGI PRI SCH,631,0,0,0,0,0,0,0,0,0,0,0,0,630,100,100,630,1,631,100
65,KIRUHURA,12,MACUNCU,2,RWOBUSISI PRI SCH,627,0,0,0,0,0,0,0,0,0,0,0,0,627,100,100,627,0,627,100
65,KIRUHURA,12,MACUNCU,5,RWOMUGINA PRI SCH,620,0,0,0,0,0,0,0,0,0,0,0,0,620,100,100,620,0,620,100
62,ISINGIRO,19,NYAKAKONI,1,NYAKAKONI PRI SCH,604,0,0,0,0,0,0,0,0,0,0,0,0,604,100,100,604,0,604,100
62,ISINGIRO,2,KIGARAGARA,4,KASHESHE CATHOLIC CHURCH I,603,0,0,0,0,0,0,0,0,0,0,0,0,603,100,100,603,0,603,100
65,KIRUHURA,20,KAYONZA,10,RUGAGA KYENSHAMA JUNCTION B,602,0,0,0,0,0,0,0,0,0,0,0,0,602,100,100,602,0,602,100
65,KIRUHURA,38,NYANKUMBA,6,NYANKUMBA C.O.U,601,0,0,0,0,0,0,0,0,0,0,0,0,601,100,100,601,0,601,100
62,ISINGIRO,4,MUREMA WARD,3,KITEREDE PRI SCH,598,0,0,0,0,0,0,0,0,0,0,0,0,598,100,100,598,0,598,100
62,ISINGIRO,13,RUSHASHA,2,KARUNGA CATHOLIC CHURCH,591,0,0,0,0,0,0,0,0,0,0,0,0,591,100,100,591,0,591,100
27,MBARARA,6,RUGARURA WARD,1,AKARAMBIKIRIZO TRADING CENTRE,590,0,0,0,0,0,0,0,0,0,0,0,0,590,100,100,590,0,590,100
62,ISINGIRO,24,NSHENYI,3,NYABUGANDO TRADING CENTRE,588,0,0,0,0,0,0,0,0,0,0,0,0,588,100,100,588,0,588,100
65,KIRUHURA,20,KAYONZA,11,RUGAGA TRADING CENTRE,587,0,0,0,0,0,0,0,0,0,0,0,0,587,100,100,587,0,587,100
34,NTUNGAMO,24,RUSHEBEYA WARD,1,RWEIKINIRO HEALTH CENTRE III,584,0,0,0,0,0,0,0,0,0,0,0,0,584,100,100,584,0,584,100
65,KIRUHURA,17,RURAMBIRA,1,RURAMBIRA PRI SCH,580,0,0,0,0,0,0,0,0,0,0,0,0,575,100,100,575,5,580,100
65,KIRUHURA,22,NOMBE II,5,KIGARAMA PRI SCH,577,0,0,0,0,0,0,0,0,0,0,0,0,577,100,100,577,0,577,100
65,KIRUHURA,45,EKIZIMBI WARD,1,KAKAGATE PRI SCH,576,0,0,0,0,0,0,0,0,0,0,0,0,575,100,100,575,1,576,100
131,KAZO,7,MAGONDO,5,BUREMBA JUNCTION,574,0,0,0,0,0,0,0,0,0,0,0,0,556,100,100,556,18,574,100
46,KAMWENGE,39,KYAKAITABA,6,ITAMBIRO/OMUKIBOTE,573,0,0,0,0,0,0,0,0,0,0,0,0,573,100,100,573,0,573,100
62,ISINGIRO,3,KYABAHESI,2,KAHUNGYE PRI SCH,570,0,0,0,0,0,0,0,0,0,0,0,0,566,100,100,566,4,570,100
65,KIRUHURA,12,MACUNCU,3,NAAMA PRI SCH,570,0,0,0,0,0,0,0,0,0,0,0,0,570,100,100,570,0,570,100
62,ISINGIRO,22,KAGAAGA,3,RWENSHEKYE HOLY SPIRIT CHURCH,567,0,0,0,0,0,0,0,0,0,0,0,0,567,100,100,567,0,567,100
27,MBARARA,20,NGANGO,4,NGANGO IV RWESHE CATHOLIC CHURCH,565,0,0,0,0,0,0,0,0,0,0,0,0,565,100,100,565,0,565,100
62,ISINGIRO,13,RUSHASHA,1,KAMUTIGANZI PRI SCH,552,0,0,0,0,0,0,0,0,0,0,0,0,542,100,100,542,10,552,100
65,KIRUHURA,18,EMBARE,3,BUNONKO PRI SCH,541,0,0,0,0,0,0,0,0,0,0,0,0,540,100,100,540,1,541,100
65,KIRUHURA,20,KAYONZA,13,RUGAGA PENTECOSTAL CHURCH,541,0,0,0,0,0,0,0,0,0,0,0,0,541,100,100,541,0,541,100
46,KAMWENGE,39,KYAKAITABA,3,KYAKAITABA T/C,540,0,0,0,0,0,0,0,0,0,0,0,0,540,100,100,540,0,540,100
62,ISINGIRO,35,BURIGI,1,BURIGI CHURCH,535,0,0,0,0,0,0,0,0,0,0,0,0,535,100,100,535,0,535,100
69,NAKASEKE,70,KYENSHANDE,1,KYESHANDE T/C,535,0,0,0,0,0,0,0,0,0,0,0,0,535,100,100,535,0,535,100
62,ISINGIRO,40,KAMAAYA WARD,1,KAMAAYA CHURCH OF NATHEREEN,533,0,0,0,0,0,0,0,0,0,0,0,0,533,100,100,533,0,533,100
62,ISINGIRO,25,RUTEETE,1,RUTEETE I,532,0,0,0,0,0,0,0,0,0,0,0,0,532,100,100,532,0,532,100
65,KIRUHURA,35,SANGA WARD,3,SANGA PARENTS PRI SCH,529,0,0,0,0,0,0,0,0,0,0,0,0,522,100,100,522,7,529,100
65,KIRUHURA,10,KAITANTUREGYE,5,AKANARA PRI SCH,528,0,0,0,0,0,0,0,0,0,0,0,0,526,100,100,526,2,528,100
93,KYANKWANZI,39,LUBIRI,4,LUBIRI PRIMARY SCHOOL,527,0,0,0,0,0,0,0,0,0,0,0,0,524,100,100,524,3,527,100
62,ISINGIRO,1,KASHUMBA,2,RUBOMBO,525,0,0,0,0,0,0,0,0,0,0,0,0,522,100,100,522,3,525,100
131,KAZO,7,MAGONDO,3,BUHEMBE PRI SCH,525,0,0,0,0,0,0,0,0,0,0,0,0,523,100,100,523,2,525,100
62,ISINGIRO,9,KIHANDA,5,KIVIIGA CATHOLIC CHURCH,523,0,0,0,0,0,0,0,0,0,0,0,0,520,100,100,520,3,523,100
62,ISINGIRO,3,KYABAHESI,3,KORANORYA TRADING CENTRE,515,0,0,0,0,0,0,0,0,0,0,0,0,515,100,100,515,0,515,100
46,KAMWENGE,2,BWIZI,3,KABARANGA TRADING CENTRE,511,0,0,0,0,0,0,0,0,0,0,0,0,510,100,100,510,1,511,100
62,ISINGIRO,29,KASHARIRA WARD,1,RUMURI C.O.U,509,0,0,0,0,0,0,0,0,0,0,0,0,507,100,100,507,2,509,100
62,ISINGIRO,44,BUHUNGA,2,RWABAGANDA C.O.U,509,0,0,0,0,0,0,0,0,0,0,0,0,507,100,100,507,2,509,100
62,ISINGIRO,5,BURUNGAMO,6,RUGARAMA CATHOLIC CHURCH,504,0,0,0,0,0,0,0,0,0,0,0,0,502,100,100,502,2,504,100
45,SSEMBABULE,13,KABAAREKEERA,5,KANONI PRI. SCH,504,0,0,0,0,0,0,0,0,0,0,0,0,504,100,100,504,0,504,100
62,ISINGIRO,4,MUREMA WARD,1,MUREMA PRI SCH,501,0,0,0,0,0,0,0,0,0,0,0,0,501,100,100,501,0,501,100
62,ISINGIRO,3,KYABAHESI,6,BAHIIGI CHURCH SCH,498,0,0,0,0,0,0,0,0,0,0,0,0,498,100,100,498,0,498,100
131,KAZO,30,BWAGONGA,3,BWAGONGA PRI SCH,497,0,0,0,0,0,0,0,0,0,0,0,0,463,100,100,463,34,497,100
62,ISINGIRO,38,NTENGA,1,NTENGA C.O.U,490,0,0,0,0,0,0,0,0,0,0,0,0,490,100,100,490,0,490,100
62,ISINGIRO,34,MIRAMBIRO,2,KASHASHA PLAYGROUND,485,0,0,0,0,0,0,0,0,0,0,0,0,485,100,100,485,0,485,100
62,ISINGIRO,36,KASHENYI,1,NYAKIBINGO CATHOLIC CHURCH,470,0,0,0,0,0,0,0,0,0,0,0,0,470,100,100,470,0,470,100
46,KAMWENGE,9,BITOJO WARD,7,KASESE T/CENTRE (A-L),465,0,0,0,0,0,0,0,0,0,0,0,0,465,100,100,465,0,465,100
45,SSEMBABULE,5,KYEBANDO,1,KITAHIRA,463,0,0,0,0,0,0,0,0,0,0,0,0,460,100,100,460,3,463,100
65,KIRUHURA,21,KANYANYA,1,KANYANYA PRI SCH,461,0,0,0,0,0,0,0,0,0,0,0,0,461,100,100,461,0,461,100
62,ISINGIRO,21,RWANTAHA,2,KYABUZAARE NURS & PRI SCH,459,0,0,0,0,0,0,0,0,0,0,0,0,459,100,100,459,0,459,100
62,ISINGIRO,3,KYABAHESI,7,KIKOMA SDA CHURCH,457,0,0,0,0,0,0,0,0,0,0,0,0,453,100,100,453,4,457,100
93,KYANKWANZI,14,KIBABI WARD,2,KAGAALI CHURCH OF UGANDA,457,0,0,0,0,0,0,0,0,0,0,0,0,456,100,100,456,1,457,100
62,ISINGIRO,37,BURUMBA,2,BURUMBA PRI SCH,456,0,0,0,0,0,0,0,0,0,0,0,0,456,100,100,456,0,456,100
46,KAMWENGE,39,KYAKAITABA,5,SAYUNI C.O.U,455,0,0,0,0,0,0,0,0,0,0,0,0,418,100,100,418,37,455,100
69,NAKASEKE,70,KYENSHANDE,2,KAYONZA P. SCHOOL,455,0,0,0,0,0,0,0,0,0,0,0,0,454,100,100,454,1,455,100
131,KAZO,51,KIKONI,1,KIKONI I LCI HQTRS,451,0,0,0,0,0,0,0,0,0,0,0,0,451,100,100,451,0,451,100
65,KIRUHURA,18,EMBARE,1,KIKATSI PRI SCH,446,0,0,0,0,0,0,0,0,0,0,0,0,446,100,100,446,0,446,100
62,ISINGIRO,5,BURUNGAMO,4,RUKIRI - RWENKUNGURU,443,0,0,0,0,0,0,0,0,0,0,0,0,405,100,100,405,38,443,100
62,ISINGIRO,25,RUTEETE,3,ST ALOYSIOUS PRI SCH,442,0,0,0,0,0,0,0,0,0,0,0,0,442,100,100,442,0,442,100
65,KIRUHURA,29,RWANYANGWE,4,MABARE C.O.U,431,0,0,0,0,0,0,0,0,0,0,0,0,430,100,100,430,1,431,100
65,KIRUHURA,30,AKAJUMBURA,1,AKAJUMBURA TRADING CENTRE,431,0,0,0,0,0,0,0,0,0,0,0,0,431,100,100,431,0,431,100
65,KIRUHURA,19,KEIKOTI,2,KEIKOTI PRI SCH,427,0,0,0,0,0,0,0,0,0,0,0,0,421,100,100,421,6,427,100
45,SSEMBABULE,19,KAIRASYA,1,KANJUNJU PRI SCH,425,0,0,0,0,0,0,0,0,0,0,0,0,425,100,100,425,0,425,100
65,KIRUHURA,11,KASAANA,4,KINONI PLAYGROUND,419,0,0,0,0,0,0,0,0,0,0,0,0,417,100,100,417,2,419,100
45,SSEMBABULE,14,MBUYA,11,BISHESHE,414,0,0,0,0,0,0,0,0,0,0,0,0,409,100,100,409,5,414,100
65,KIRUHURA,44,NKONGORO WARD,1,NKONGORO TRADING CENTRE,414,0,0,0,0,0,0,0,0,0,0,0,0,414,100,100,414,0,414,100
131,KAZO,7,MAGONDO,2,KABAGORE JUNCTION,412,0,0,0,0,0,0,0,0,0,0,0,0,412,100,100,412,0,412,100
62,ISINGIRO,46,RWAMBAGA,5,NTUURA,408,0,0,0,0,0,0,0,0,0,0,0,0,408,100,100,408,0,408,100
65,KIRUHURA,39,RWAKOBO,2,RWEKISHWAGA FULL GOSPEL CHURCH,408,0,0,0,0,0,0,0,0,0,0,0,0,408,100,100,408,0,408,100
65,KIRUHURA,28,RWAMURANDA,1,RWAMURANDA PRI SCH,404,0,0,0,0,0,0,0,0,0,0,0,0,404,100,100,404,0,404,100
62,ISINGIRO,17,RUHIRA CENTRAL WARD,3,RUHIRA PRI SCH,402,0,0,0,0,0,0,0,0,0,0,0,0,402,100,100,402,0,402,100
65,KIRUHURA,3,"
NSWEREEMPANGO WARD",2,NSHWEREMPANGO LC I HQTRS,397,0,0,0,0,0,0,0,0,0,0,0,0,397,100,100,397,0,397,100
65,KIRUHURA,15,KYAKABUNGA,4,KAMARYA PRI SCH,397,0,0,0,0,0,0,0,0,0,0,0,0,397,100,100,397,0,397,100
46,KAMWENGE,39,KYAKAITABA,2,OMUKACWAMBA T/C,392,0,0,0,0,0,0,0,0,0,0,0,0,392,100,100,392,0,392,100
34,NTUNGAMO,16,NYAKABAARE,7,KABURANGIRA C.O.U,388,0,0,0,0,0,0,0,0,0,0,0,0,384,100,100,384,4,388,100
62,ISINGIRO,8,RUKUUBA,3,KAKUUTO,385,0,0,0,0,0,0,0,0,0,0,0,0,376,100,100,376,9,385,100
131,KAZO,7,MAGONDO,7,BUHEMBE C.O.U,383,0,0,0,0,0,0,0,0,0,0,0,0,383,100,100,383,0,383,100
91,GOMBA,15,BUYANJA,4,NAKITEMBE C.O.U,382,0,0,0,0,0,0,0,0,0,0,0,0,381,100,100,381,1,382,100
65,KIRUHURA,16,NYAKAHITA,9,ST MARK KARENGO C.O.U,381,0,0,0,0,0,0,0,0,0,0,0,0,380,100,100,380,1,381,100
131,KAZO,4,MIGINA,1,KASHAMBYA PLAYGROUND,370,0,0,0,0,0,0,0,0,0,0,0,0,369,100,100,369,1,370,100
131,KAZO,14,RWIGI,3,AKABARE LC I HQTRS,369,0,0,0,0,0,0,0,0,0,0,0,0,368,100,100,368,1,369,100
62,ISINGIRO,36,KASHENYI,2,KASHENYI PRI SCH,368,0,0,0,0,0,0,0,0,0,0,0,0,368,100,100,368,0,368,100
89,BULAMBULI,102,MAGALA WARD,1,KASHESHE HEALTH CENTRE III,365,0,0,0,0,0,0,0,0,0,0,0,0,363,100,100,363,2,365,100
65,KIRUHURA,1,AKATONGORE WARD,3,EKIJINJA C.O.U,365,0,0,0,0,0,0,0,0,0,0,0,0,365,100,100,365,0,365,100
65,KIRUHURA,6,NSHWERENKYE WARD,5,KYABAGYENYI CATHOLIC PRI SCH,364,0,0,0,0,0,0,0,0,0,0,0,0,364,100,100,364,0,364,100
65,KIRUHURA,16,NYAKAHITA,4,RWEITSIRU PRI SCH,363,0,0,0,0,0,0,0,0,0,0,0,0,361,100,100,361,2,363,100
131,KAZO,13,ENGARI,5,SOLOMON MEMORIAL PRI SCH,361,0,0,0,0,0,0,0,0,0,0,0,0,361,100,100,361,0,361,100
65,KIRUHURA,30,AKAJUMBURA,2,AKAJUMBURA PRI SCH,356,0,0,0,0,0,0,0,0,0,0,0,0,356,100,100,356,0,356,100
65,KIRUHURA,15,KYAKABUNGA,3,NYAKASHASHARA C.O.U,354,0,0,0,0,0,0,0,0,0,0,0,0,352,100,100,352,2,354,100
69,NAKASEKE,30,KYALUSEBEKA,4,KYABIKAMBA PRIMARY SCHOOL,352,0,0,0,0,0,0,0,0,0,0,0,0,343,100,100,343,9,352,100
131,KAZO,8,BURUNGA,3,KIRINGA PRI SCH,349,0,0,0,0,0,0,0,0,0,0,0,0,345,100,100,345,4,349,100
62,ISINGIRO,46,RWAMBAGA,4,ENDIINZI SUB COUNTY HQTRS,348,0,0,0,0,0,0,0,0,0,0,0,0,348,100,100,348,0,348,100
131,KAZO,16,MBABA,3,KABATANAGI TRADING CENTRE,346,0,0,0,0,0,0,0,0,0,0,0,0,346,100,100,346,0,346,100
62,ISINGIRO,50,NSHORORO WARD,2,BUJUBWE,343,0,0,0,0,0,0,0,0,0,0,0,0,343,100,100,343,0,343,100
65,KIRUHURA,16,NYAKAHITA,1,RWEMPOGO TRADING CENTRE,332,0,0,0,0,0,0,0,0,0,0,0,0,332,100,100,332,0,332,100
62,ISINGIRO,23,KAKAMBA,1,NYAKAGO C.O.U,318,0,0,0,0,0,0,0,0,0,0,0,0,315,100,100,315,3,318,100
65,KIRUHURA,24,KANYARYERU RES SCH,1,MPANGAMUSHANJU PENTECOSTAL CHURCH,313,0,0,0,0,0,0,0,0,0,0,0,0,312,100,100,312,1,313,100
65,KIRUHURA,5,IFURA,6,BUBARE TRADING CENTRE,311,0,0,0,0,0,0,0,0,0,0,0,0,311,100,100,311,0,311,100
62,ISINGIRO,8,NGARAMA,2,KISHOJO PRI SCH,310,0,0,0,0,0,0,0,0,0,0,0,0,305,100,100,305,5,310,100
65,KIRUHURA,19,KEIKOTI,1,KEIKOTI TRADING CENTRE,308,0,0,0,0,0,0,0,0,0,0,0,0,308,100,100,308,0,308,100
65,KIRUHURA,44,NKONGORO WARD,2,RWEBISHURI TRADING CENTRE,308,0,0,0,0,0,0,0,0,0,0,0,0,308,100,100,308,0,308,100
62,ISINGIRO,23,KAKAMBA,4,KAKUUTO PRI SCH,307,0,0,0,0,0,0,0,0,0,0,0,0,307,100,100,307,0,307,100
131,KAZO,2,RWEMIKOMA,8,RYENTANGA FULL GOSPEL CHURCH,306,0,0,0,0,0,0,0,0,0,0,0,0,306,100,100,306,0,306,100
65,KIRUHURA,11,KASAANA,7,SHERENGYE C.O.U,303,0,0,0,0,0,0,0,0,0,0,0,0,302,100,100,302,1,303,100
131,KAZO,8,BURUNGA,6,ST PETER'S PRI SCH KAWIRI,300,0,0,0,0,0,0,0,0,0,0,0,0,299,100,100,299,1,300,100
65,KIRUHURA,3,"
NSWEREEMPANGO WARD",1,BWASHAMURE TRADING CENTRE,299,0,0,0,0,0,0,0,0,0,0,0,0,299,100,100,299,0,299,100
131,KAZO,8,BURUNGA,7,ST JUDE KAKINGA PRI SCH,297,0,0,0,0,0,0,0,0,0,0,0,0,296,100,100,296,1,297,100
65,KIRUHURA,15,KYAKABUNGA,2,HUGUKA PRI SCH,297,0,0,0,0,0,0,0,0,0,0,0,0,297,100,100,297,0,297,100
62,ISINGIRO,35,BURIGI,3,RWENSHEBASHEBE PARENTS SCH,290,0,0,0,0,0,0,0,0,0,0,0,0,284,100,100,284,6,290,100
69,NAKASEKE,30,KYALUSEBEKA,2,BULAMBA,290,0,0,0,0,0,0,0,0,0,0,0,0,290,100,100,290,0,290,100
65,KIRUHURA,1,AKATONGORE WARD,4,ST. JOSEPHS CATHOLIC PRI.SCH,285,0,0,0,0,0,0,0,0,0,0,0,0,285,100,100,285,0,285,100
62,ISINGIRO,41,KIKOKWA WARD,1,KIKOKWA,284,0,0,0,0,0,0,0,0,0,0,0,0,283,100,100,283,1,284,100
131,KAZO,18,KAYANGA,4,EKITEHURIZI LC I HQTRS,279,0,0,0,0,0,0,0,0,0,0,0,0,275,100,100,275,4,279,100
65,KIRUHURA,18,EMBARE,2,AKATI VALLEY DAM,279,0,0,0,0,0,0,0,0,0,0,0,0,279,100,100,279,0,279,100
65,KIRUHURA,16,NYAKAHITA,8,BYENGYERERE TRADING CENTRE,278,0,0,0,0,0,0,0,0,0,0,0,0,277,100,100,277,1,278,100
62,ISINGIRO,34,MIRAMBIRO,4,KABWERA TEMPLE CHURCH,278,0,0,0,0,0,0,0,0,0,0,0,0,278,100,100,278,0,278,100
131,KAZO,16,MBABA,4,BUTERANIRO PRI SCH,272,0,0,0,0,0,0,0,0,0,0,0,0,272,100,100,272,0,272,100
34,NTUNGAMO,3,KIKONI,5,RYANGUSHA TRADING CENTRE,270,0,0,0,0,0,0,0,0,0,0,0,0,270,100,100,270,0,270,100
62,ISINGIRO,23,KAKAMBA,2,BIGASHA CATHOLIC,269,0,0,0,0,0,0,0,0,0,0,0,0,269,100,100,269,0,269,100
131,KAZO,7,MAGONDO,8,KABIMBA COMMUNITY PRI SCH,266,0,0,0,0,0,0,0,0,0,0,0,0,262,100,100,262,4,266,100
62,ISINGIRO,48,RUTUNGA,2,RUTUNGA T C,264,0,0,0,0,0,0,0,0,0,0,0,0,264,100,100,264,0,264,100
65,KIRUHURA,22,NOMBE II,1,RWENSHEKO TRADING CENTRE,263,0,0,0,0,0,0,0,0,0,0,0,0,262,100,100,262,1,263,100
65,KIRUHURA,12,MACUNCU,1,BYAZO C.O.U,255,0,0,0,0,0,0,0,0,0,0,0,0,255,100,100,255,0,255,100
80,LYANTONDE,23,KYEMAMBA,4,KANSHAMA C.O.U,253,0,0,0,0,0,0,0,0,0,0,0,0,251,100,100,251,2,253,100
62,ISINGIRO,18,NYAMARUNGI,3,OBUGAAGA NURS & PRI SCH,252,0,0,0,0,0,0,0,0,0,0,0,0,252,100,100,252,0,252,100
65,KIRUHURA,21,KANYANYA,3,EKIGAAGA C.O.U,251,0,0,0,0,0,0,0,0,0,0,0,0,251,100,100,251,0,251,100
131,KAZO,11,KIJUMA,7,KIGARAMA TRADING CENTRE,250,0,0,0,0,0,0,0,0,0,0,0,0,248,100,100,248,2,250,100
131,KAZO,18,KAYANGA,2,KITENGYETO PRI SCH,250,0,0,0,0,0,0,0,0,0,0,0,0,250,100,100,250,0,250,100
131,KAZO,7,MAGONDO,6,ST PETERS SEC SCH,247,0,0,0,0,0,0,0,0,0,0,0,0,247,100,100,247,0,247,100
31,MUBENDE,15,BUBANDA,5,KYANKUNGU,247,0,0,0,0,0,0,0,0,0,0,0,0,247,100,100,247,0,247,100
131,KAZO,11,KIJUMA,8,KIJUMA HEALTH CENTRE II,244,0,0,0,0,0,0,0,0,0,0,0,0,244,100,100,244,0,244,100
65,KIRUHURA,20,KAYONZA,4,EKIMOMO TRADING CENTRE,241,0,0,0,0,0,0,0,0,0,0,0,0,241,100,100,241,0,241,100
80,LYANTONDE,9,BWAMULAMIRA,3,KAMUSENENE T/CENTRE,240,0,0,0,0,0,0,0,0,0,0,0,0,240,100,100,240,0,240,100
17,KIBOGA,52,KYAMUKWEYA,1,RUTONGOLE ELIM PENTECOSTAL,234,0,0,0,0,0,0,0,0,0,0,0,0,234,100,100,234,0,234,100
45,SSEMBABULE,20,KAKINGA,3,KASHEBWONGERA,229,0,0,0,0,0,0,0,0,0,0,0,0,228,100,100,228,1,229,100
69,NAKASEKE,45,BUWANA,2,KAGONGI,229,0,0,0,0,0,0,0,0,0,0,0,0,229,100,100,229,0,229,100
65,KIRUHURA,11,KASAANA,1,KINONI C.O.U,228,0,0,0,0,0,0,0,0,0,0,0,0,228,100,100,228,0,228,100
65,KIRUHURA,15,KYAKABUNGA,5,RYAKENDA PRI SCH,226,0,0,0,0,0,0,0,0,0,0,0,0,226,100,100,226,0,226,100
45,SSEMBABULE,19,KAIRASYA,4,RWEKISHUGI,224,0,0,0,0,0,0,0,0,0,0,0,0,224,100,100,224,0,224,100
135,RWAMPARA,15,RYAMIYONGA,3,KAKONI MUTIGUMWE TRADING CENTRE,219,0,0,0,0,0,0,0,0,0,0,0,0,219,100,100,219,0,219,100
34,NTUNGAMO,7,KASHENYI,4,KASHENYI INTERGRATED PRI SCH,215,0,0,0,0,0,0,0,0,0,0,0,0,213,100,100,213,2,215,100
131,KAZO,50,AKATONGORE,1,AKAGANDO UNITED PENTECOST CHURCH,214,0,0,0,0,0,0,0,0,0,0,0,0,214,100,100,214,0,214,100
62,ISINGIRO,7,ENDIINZI A WARD,5,MIGINA REDEEMED CHURCH,212,0,0,0,0,0,0,0,0,0,0,0,0,212,100,100,212,0,212,100
65,KIRUHURA,17,RURAMBIRA,2,KAKYERA TRADING CENTRE,212,0,0,0,0,0,0,0,0,0,0,0,0,212,100,100,212,0,212,100
46,KAMWENGE,33,KABUYE,3,IRUHURA C.O.U,207,0,0,0,0,0,0,0,0,0,0,0,0,200,100,100,200,7,207,100
89,BULAMBULI,15,GIBUZALE,2,GIDUNO GROWERS CO-OP. SOCIETY,203,0,0,0,0,0,0,0,0,0,0,0,0,203,100,100,203,0,203,100
131,KAZO,9,KIGUMA,6,KIGUMA PRI SCH II,202,0,0,0,0,0,0,0,0,0,0,0,0,202,100,100,202,0,202,100
45,SSEMBABULE,20,KIDOKOLO,7,GENTEBE,201,0,0,0,0,0,0,0,0,0,0,0,0,199,100,100,199,2,201,100
65,KIRUHURA,2,MUGORE WARD,2,RUZIIZI C.O.U COMPOUND,200,0,0,0,0,0,0,0,0,0,0,0,0,200,100,100,200,0,200,100
131,KAZO,12,NKUNGU,7,RUBINDI CATHOLIC CHURCH,196,0,0,0,0,0,0,0,0,0,0,0,0,196,100,100,196,0,196,100
131,KAZO,9,KIGUMA,5,BUREMA FULL GOSPEL CHURCH,195,0,0,0,0,0,0,0,0,0,0,0,0,194,100,100,194,1,195,100
62,ISINGIRO,21,RWETANGO,3,KYAMUGURUMA NAZARENE CHURCH,194,0,0,0,0,0,0,0,0,0,0,0,0,192,100,100,192,2,194,100
69,NAKASEKE,48,RWOMA,2,LWAMAWUNGU,194,0,0,0,0,0,0,0,0,0,0,0,0,194,100,100,194,0,194,100
69,NAKASEKE,48,RWOMA,5,KYARUSESA,194,0,0,0,0,0,0,0,0,0,0,0,0,194,100,100,194,0,194,100
62,ISINGIRO,26,MIGYERA WARD,4,MIGYERA CATHOLIC CHURCH,188,0,0,0,0,0,0,0,0,0,0,0,0,187,100,100,187,1,188,100
65,KIRUHURA,20,KAYONZA,12,KAYONZA PLAYGROUND,185,0,0,0,0,0,0,0,0,0,0,0,0,185,100,100,185,0,185,100
65,KIRUHURA,27,KIBEGA,2,KIKOMA TRADING CENTRE,184,0,0,0,0,0,0,0,0,0,0,0,0,184,100,100,184,0,184,100
131,KAZO,51,KIKONI,2,KIKONI II C.O.U,182,0,0,0,0,0,0,0,0,0,0,0,0,182,100,100,182,0,182,100
93,KYANKWANZI,75,KASEJERE,2,RANCH NO. 4,182,0,0,0,0,0,0,0,0,0,0,0,0,182,100,100,182,0,182,100
93,KYANKWANZI,76,MPANGO,2,KATENGETO,180,0,0,0,0,0,0,0,0,0,0,0,0,180,100,100,180,0,180,100
119,KYOTERA,25,BIWA WARD,1,KAMAYA PENTECOSTAL CHURCH,180,0,0,0,0,0,0,0,0,0,0,0,0,180,100,100,180,0,180,100
131,KAZO,14,RWIGI,4,RWIIGI HEALTH CENTRE II,175,0,0,0,0,0,0,0,0,0,0,0,0,175,100,100,175,0,175,100
69,NAKASEKE,70,KYENSHANDE,3,KYENSHAMA PARENTS' PRIMARY SCHOOL,172,0,0,0,0,0,0,0,0,0,0,0,0,172,100,100,172,0,172,100
96,NTOROKO,31,RWAMABALE,3,KAYANJA III,161,0,0,0,0,0,0,0,0,0,0,0,0,157,100,100,157,4,161,100
62,ISINGIRO,42,KISHUNJU WARD,2,BUGANGO CATHOLIC CHURCH II,159,0,0,0,0,0,0,0,0,0,0,0,0,158,100,100,158,1,159,100
65,KIRUHURA,34,NYAKASHARARA WARD,3,NYAKASHARARA PARISH HQTRS,142,0,0,0,0,0,0,0,0,0,0,0,0,138,100,100,138,4,142,100
69,NAKASEKE,46,KINYOGOGA,4,KATATEMBWA,131,0,0,0,0,0,0,0,0,0,0,0,0,130,100,100,130,1,131,100
65,KIRUHURA,20,KAYONZA,5,AKASHEGO C.O.U,126,0,0,0,0,0,0,0,0,0,0,0,0,126,100,100,126,0,126,100
65,KIRUHURA,19,KEIKOTI,4,RUKAYA C.O.U,111,0,0,0,0,0,0,0,0,0,0,0,0,111,100,100,111,0,111,100
62,ISINGIRO,50,NSHORORO WARD,1,KIBATE/MBAARE III,104,0,0,0,0,0,0,0,0,0,0,0,0,104,100,100,104,0,104,100
93,KYANKWANZI,41,LWEMIGANDA,3,BUKYEYA ELIM CHURCH,100,0,0,0,0,0,0,0,0,0,0,0,0,100,100,100,100,0,100,100
62,ISINGIRO,38,NTENGA,2,BIGASHA C.O.U,98,0,0,0,0,0,0,0,0,0,0,0,0,98,100,100,98,0,98,100
131,KAZO,51,KIKONI,4,ORUGYEYA VICTORY CHURCH,83,0,0,0,0,0,0,0,0,0,0,0,0,83,100,100,83,0,83,100
91,GOMBA,15,BUYANJA,5,NABUGANDO,74,0,0,0,0,0,0,0,0,0,0,0,0,74,100,100,74,0,74,100
65,KIRUHURA,35,SANGA WARD,1,SANGA PLAYGROUND,702,0,0,0,0,0,0,0,0,0,0,0,1,699,99.85714286,99.86,700,2,702,100
65,KIRUHURA,29,RWANYANGWE,1,RWENYANGWE PRI SCH,697,1,0,0,0,0,0,0,0,0,0,0,0,696,99.85652798,99.86,697,0,697,100
131,KAZO,11,KIJUMA,1,KIJUMA PRI SCH,466,0,0,0,0,0,0,0,0,0,1,0,0,460,99.78308026,99.78,461,5,466,100
46,KAMWENGE,3,BUSINGE WARD,2,KAGORO PLAYGROUND,456,0,0,0,0,0,0,0,0,1,0,0,0,454,99.78021978,99.78,455,1,456,100
93,KYANKWANZI,17,NYABWEYO,2,NABWEYO CHURCH,360,0,0,0,0,0,0,0,0,0,0,0,1,356,99.71988796,99.72,357,3,360,100
80,LYANTONDE,7,KATEBE,2,KABUTETERA,330,0,0,0,0,0,0,0,0,1,0,0,0,328,99.69604863,99.7,329,1,330,100
34,NTUNGAMO,34,MIRAMA WARD,2,MIRAMA C.O.U,310,0,0,0,0,1,0.3236245955,0.32,0,0,0,0,0,308,99.6763754,99.68,309,1,310,100
62,ISINGIRO,37,BURUMBA,1,BURUMBA C.O.U,268,1,0,0,0,0,0,0,0,0,0,0,0,267,99.62686567,99.63,268,0,268,100
34,NTUNGAMO,24,RUSHEBEYA WARD,2,RWEIKINIRO PRI SCH,520,0,0,0,0,2,0.3846153846,0.38,0,0,0,0,0,518,99.61538462,99.62,520,0,520,100
62,ISINGIRO,31,IHUNGA,2,RUBONDO PRI SCH,476,0,0,0,1,0,0,0,0,0,0,0,1,472,99.57805907,99.58,474,2,476,100
46,KAMWENGE,32,KABEREBERE,6,BIGORO C.O.U (L-Z),473,0,0,0,0,0,0,0,0,1,0,0,1,471,99.57716702,99.58,473,0,473,100
34,NTUNGAMO,20,KABUNGO WARD,1,KABUNGO PARISH HQTRS,897,0,0,0,0,0,0,0,0,0,4,0,0,892,99.55357143,99.55,896,1,897,100
62,ISINGIRO,21,RWETANGO,1,RWETANGO PRI SCH,426,0,0,0,0,2,0.4784688995,0.48,0,0,0,0,0,416,99.5215311,99.52,418,8,426,100
62,ISINGIRO,29,RWEKUBO WARD,2,RWEKUBO DISPENSARY,620,3,0,0,0,0,0,0,0,0,0,0,0,609,99.50980392,99.51,612,8,620,100
46,KAMWENGE,39,KYAKAITABA,8,RUTOOMA YOUTH PLAYGROUND,201,0,0,0,0,1,0.4975124378,0.5,0,0,0,0,0,200,99.50248756,99.5,201,0,201,100
131,KAZO,28,BUGARIHE,1,BUGARIHE TRADING CENTRE,729,0,0,0,2,0,0,0,0,0,2,0,0,723,99.44979367,99.45,727,2,729,100
27,MBARARA,39,KIBINGO,3,NYAKABWERA PRI SCH COMPOUND,555,0,0,0,0,2,0.3663003663,0.37,0,0,1,0,0,543,99.45054945,99.45,546,9,555,100
62,ISINGIRO,9,KIHANDA,6,ISHUNGA PENTECOSTAL CHURCH,174,0,0,0,0,0,0,0,0,0,0,1,0,173,99.42528736,99.43,174,0,174,100
62,ISINGIRO,34,MIRAMBIRO,1,KABAZANA PRI SCH,626,0,0,0,0,4,0.6441223833,0.64,0,0,0,0,0,617,99.35587762,99.36,621,5,626,100
62,ISINGIRO,19,NYAKAKONI,3,NYAKAKONI PARISH HQTRS,467,0,0,0,0,2,0.4282655246,0.43,0,0,1,0,0,464,99.35760171,99.36,467,0,467,100
91,GOMBA,14,BUGULA,4,BUGULA PRIMARY SCHOOL,317,0,0,0,0,2,0.641025641,0.64,0,0,0,0,0,310,99.35897436,99.36,312,5,317,100
93,KYANKWANZI,9,BIROBOKA WARD,1,KAGANDO APOSTLES' CHURCH,157,0,0,0,0,1,0.6369426752,0.64,0,0,0,0,0,156,99.36305732,99.36,157,0,157,100
62,ISINGIRO,35,"
RWENSHEBASHEBE",2,KIYENJE,295,0,0,0,0,2,0.6896551724,0.69,0,0,0,0,0,288,99.31034483,99.31,290,5,295,100
62,ISINGIRO,33,RWENYANGA,1,NYAKAHITA C.O.U,145,0,0,0,0,0,0,0,0,0,1,0,0,144,99.31034483,99.31,145,0,145,100
62,ISINGIRO,16,IBUMBA,3,KYANZA,549,1,0,0,0,3,0.5464480874,0.55,0,0,0,0,0,545,99.27140255,99.27,549,0,549,100
69,NAKASEKE,24,BIDDUKU,2,BIDDUKU P/SCH,408,0,0,0,0,3,0.7352941176,0.74,0,0,0,0,0,405,99.26470588,99.26,408,0,408,100
46,KAMWENGE,9,BITOJO WARD,10,KASESE T/CENTRE (M-Z),267,0,0,0,2,0,0,0,0,0,0,0,0,265,99.25093633,99.25,267,0,267,100
62,ISINGIRO,31,IHUNGA,3,KIINAMI PLAYGROUND,407,2,0,0,1,0,0,0,0,0,0,0,0,391,99.23857868,99.24,394,13,407,100
62,ISINGIRO,1,KASHUMBA,1,KASHUMBA SUB COUNTY HQTRS,512,2,0,0,0,2,0.390625,0.39,0,0,0,0,0,508,99.21875,99.22,512,0,512,100
46,KAMWENGE,2,BWIZI,7,RUTABO C.O.U,459,0,0,1,0,2,0.4357298475,0.44,0,0,0,0,1,455,99.12854031,99.13,459,0,459,100
65,KIRUHURA,42,RUSHERE WARD,5,MT OLIVES PRI SCH,458,0,0,0,0,3,0.6550218341,0.66,0,0,1,0,0,454,99.12663755,99.13,458,0,458,100
62,ISINGIRO,2,KIGARAGARA,3,KIGARAGARA PRI SCH,447,0,0,0,0,2,0.4514672686,0.45,0,0,2,0,0,439,99.09706546,99.1,443,4,447,100
34,NTUNGAMO,35,MURAMBI,8,NYABIKYERE FULL GOSPEL CHURCH,442,0,0,0,0,1,0.2277904328,0.23,0,0,3,0,0,435,99.08883827,99.09,439,3,442,100
46,KAMWENGE,20,NYAMASHEGWA,2,NYAMASHEGWA CATHOLIC CHURCH,714,0,0,1,1,3,0.4249291785,0.42,0,0,1,0,1,699,99.00849858,99.01,706,8,714,100
25,MASINDI,2,MIDUMA,1,KAIKUKU COMMUNITY PRI. SCHOOL,398,0,0,0,0,3,0.7537688442,0.75,0,0,1,0,0,394,98.99497487,98.99,398,0,398,100
69,NAKASEKE,47,RUKONO,3,RUKONO [N-Z],388,3,0,0,0,0,0,0,0,0,0,0,1,365,98.91598916,98.92,369,19,388,100
3,BUNDIBUGYO,22,MULUNGITANWA WARD,2,BUSUNGA C.O.U,279,0,0,0,0,3,1.075268817,1.08,0,0,0,0,0,276,98.92473118,98.92,279,0,279,100
46,KAMWENGE,35,KAMPALA B,6,KANYEGARAMIRE COMMUNITY PLAYGROUND,538,1,1,0,0,1,0.1869158879,0.19,1,0,2,0,0,529,98.87850467,98.88,535,3,538,100
62,ISINGIRO,21,RWANTAHA,3,KAKUUTO TRADING CENTRE,711,1,0,1,0,6,0.8462623413,0.85,0,0,0,0,0,701,98.87165021,98.87,709,2,711,100
27,MBARARA,39,KIBINGO,2,BRIGHT GRAMMAR PRI SCH,465,1,0,1,0,1,0.2257336343,0.23,0,0,1,0,1,438,98.87133183,98.87,443,22,465,100
93,KYANKWANZI,45,GALA WARD,3,GALA,440,0,0,0,0,4,0.9132420091,0.91,0,0,1,0,0,433,98.85844749,98.86,438,2,440,100
80,LYANTONDE,23,KYEMAMBA,3,RWOMA PRI SCH,256,0,0,0,0,3,1.176470588,1.18,0,0,0,0,0,252,98.82352941,98.82,255,1,256,100
62,ISINGIRO,6,NYAMITSINDO,1,NYAMITSINDO I,664,0,0,0,0,8,1.204819277,1.2,0,0,0,0,0,656,98.79518072,98.8,664,0,664,100
91,GOMBA,14,BUGULA,2,ALLIANCE JUNIOR ACADEMY,254,0,0,0,0,3,1.204819277,1.2,0,0,0,0,0,246,98.79518072,98.8,249,5,254,100
65,KIRUHURA,1,BYANAMIRA,5,BYANAMIRA C.O.U,812,1,0,0,0,9,1.10974106,1.11,0,0,0,0,0,801,98.76695438,98.77,811,1,812,100
62,ISINGIRO,1,KISYORO WARD,3,KISYORO PRI SCH,805,0,0,0,0,10,1.243781095,1.24,0,0,0,0,0,794,98.75621891,98.76,804,1,805,100
46,KAMWENGE,22,BISOZI,5,BWITANKANJA P/SCHOOL,506,0,0,1,1,4,0.7920792079,0.79,0,0,0,1,0,498,98.61386139,98.61,505,1,506,100
62,ISINGIRO,2,KYAMUSONI,3,RUBOROGOTA PRI SCH A,640,0,0,0,0,8,1.25,1.25,0,0,1,0,0,631,98.59375,98.59,640,0,640,100
62,ISINGIRO,35,"
RWENSHEBASHEBE",1,RWENDEZI,489,0,0,0,0,3,0.6172839506,0.62,2,0,1,1,0,479,98.55967078,98.56,486,3,489,100
62,ISINGIRO,1,KASHUMBA,4,KAGANGO PRI SCH,211,0,0,0,1,2,0.956937799,0.96,0,0,0,0,0,206,98.5645933,98.56,209,2,211,100
15,KASESE,27,MURUTI,1,MURUTI C.O.U.,210,0,0,0,0,0,0,0,0,0,0,0,3,205,98.55769231,98.56,208,2,210,100
62,ISINGIRO,9,RUYANGA,1,AHASITOHA,672,0,0,0,0,9,1.341281669,1.34,0,0,0,1,0,661,98.50968703,98.51,671,1,672,100
34,NTUNGAMO,10,KISHAMI A,1,KISHAMI TRADING CENTRE,480,0,0,0,0,6,1.293103448,1.29,0,0,1,0,0,457,98.49137931,98.49,464,16,480,100
131,KAZO,3,KAZO WARD,2,KYABAHURA PRI SCH,742,1,0,0,2,3,0.4166666667,0.42,0,0,5,0,0,709,98.47222222,98.47,720,22,742,100
65,KIRUHURA,14,BIJUBWE,3,RUSHOGA PRI SCH,391,2,0,0,0,3,0.7692307692,0.77,0,0,1,0,0,384,98.46153846,98.46,390,1,391,100
62,ISINGIRO,2,KIGARAGARA,6,KASHESHE CATHOLIC CHURCH II,253,1,0,0,3,0,0,0,0,0,0,0,0,249,98.41897233,98.42,253,0,253,100
62,ISINGIRO,34,MIRAMBIRO,3,RUHOKO PRI SCH A,376,1,0,0,0,2,0.5361930295,0.54,0,0,0,3,0,367,98.39142091,98.39,373,3,376,100
46,KAMWENGE,23,KABINGO,5,RUSHANGO T/CENTRE,300,0,0,0,0,3,1.006711409,1.01,1,0,1,0,0,293,98.32214765,98.32,298,2,300,100
62,ISINGIRO,11,KAMURI WARD,3,RWENDAMA,410,0,0,0,0,5,1.237623762,1.24,0,0,2,0,0,397,98.26732673,98.27,404,6,410,100
62,ISINGIRO,25,NYABUSHENYI,3,NYARUBUNGO C.O.U I,518,3,0,0,0,6,1.158301158,1.16,0,0,0,0,0,509,98.26254826,98.26,518,0,518,100
62,ISINGIRO,18,NYARUBUNGO,4,AKAFUNDA,225,2,0,0,0,0,0,0,0,0,1,0,1,220,98.21428571,98.21,224,1,225,100
62,ISINGIRO,39,RURONGO,2,RURONGO CATHOLIC PRI SCH,497,2,1,0,0,6,1.21703854,1.22,0,0,0,0,0,484,98.17444219,98.17,493,4,497,100
46,KAMWENGE,37,KEBISINGO,4,BUHUMURIRO FULL GOSPEL CHURCH,850,0,0,0,0,14,1.652892562,1.65,0,0,1,0,1,831,98.11097993,98.11,847,3,850,100
31,MUBENDE,15,BUBANDA,3,LUGAGA,263,0,0,0,0,5,1.908396947,1.91,0,0,0,0,0,257,98.09160305,98.09,262,1,263,100
15,KASESE,26,KISASA,1,NYAKATONZI P/SCHOOL,418,1,0,0,0,3,0.7228915663,0.72,0,0,1,0,3,407,98.07228916,98.07,415,3,418,100
34,NTUNGAMO,20,KABUNGO WARD,3,EXCEL JUNIOR NURSERY SCH,869,1,0,0,2,4,0.4602991945,0.46,0,0,8,1,1,852,98.04372842,98.04,869,0,869,100
46,KAMWENGE,33,KABUYE,1,MUKUKURU T/CENTRE (A-K),387,0,0,0,0,5,1.291989664,1.29,0,0,3,0,0,379,97.93281654,97.93,387,0,387,100
45,SSEMBABULE,11,KABAALE,2,BUGOBE PRI SCH,241,0,0,0,0,4,1.659751037,1.66,0,0,1,0,0,236,97.9253112,97.93,241,0,241,100
62,ISINGIRO,18,NYARUBUNGO,6,NYAKASHARARA NURSERY SCH,344,1,0,0,2,4,1.18694362,1.19,0,0,0,0,0,330,97.92284866,97.92,337,7,344,100
62,ISINGIRO,24,NYABUBAARE,3,RWENTURAGARA HILLSIDE PRI SCH,732,0,0,0,0,15,2.086230876,2.09,0,0,0,0,0,704,97.91376912,97.91,719,13,732,100
62,ISINGIRO,13,NYAKIGYERA,3,NYAKABUNGO C.O.U I,343,0,0,2,0,5,1.529051988,1.53,0,0,0,0,0,320,97.85932722,97.86,327,16,343,100
62,ISINGIRO,32,KABAARE WARD,1,KABAARE C.O.U GROUNDS,518,1,0,0,0,10,1.953125,1.95,0,0,0,0,0,501,97.8515625,97.85,512,6,518,100
62,ISINGIRO,33,KIBAALE WARD,1,KIBAARE CHURCH SCHOOL,586,3,0,0,0,10,1.706484642,1.71,0,0,0,0,0,573,97.78156997,97.78,586,0,586,100
131,KAZO,43,OBWENGARA WARD,1,OBWENGAARA TRADING CENTRE,596,1,0,0,0,4,0.6920415225,0.69,0,0,5,0,3,565,97.75086505,97.75,578,18,596,100
62,ISINGIRO,35,"
RWENSHEBASHEBE",4,RWENSHEBASHEBE,444,1,0,0,0,4,0.9009009009,0.9,5,0,0,0,0,434,97.74774775,97.75,444,0,444,100
62,ISINGIRO,35,"
RWENSHEBASHEBE",3,AKAFUNDA,441,2,0,0,3,5,1.133786848,1.13,0,0,0,0,0,431,97.7324263,97.73,441,0,441,100
46,KAMWENGE,33,KABUYE,6,MUKUKURU T/CENTRE (L-Z),404,2,0,1,0,2,0.5154639175,0.52,0,0,3,1,0,379,97.68041237,97.68,388,16,404,100
62,ISINGIRO,23,RWANGUNGA,1,KAGABAGABA PRI SCH,592,1,2,0,0,8,1.365187713,1.37,1,0,0,2,0,572,97.6109215,97.61,586,6,592,100
46,KAMWENGE,3,MALERE,3,NAMIREMBE PENTECOSTAL CHURCH,331,2,0,0,0,4,1.208459215,1.21,1,0,1,0,0,323,97.58308157,97.58,331,0,331,100
31,MUBENDE,15,BUBANDA,2,KABAALE,242,0,0,0,0,4,1.659751037,1.66,0,0,1,1,0,235,97.51037344,97.51,241,1,242,100
34,NTUNGAMO,21,KAYENJE,6,KAYENJE PARISH HQTRS,619,1,0,1,3,3,0.5,0.5,1,0,3,2,1,585,97.5,97.5,600,19,619,100
46,KAMWENGE,2,BWIZI,2,BWIZI S/C HQTRS (A-L),518,1,0,0,0,8,1.544401544,1.54,1,0,1,1,1,505,97.49034749,97.49,518,0,518,100
34,NTUNGAMO,45,KYARWEHUNDE WARD,4,KYARWEHUNDE CATHOLIC CHURCH,815,7,0,0,0,0,0,0,0,0,12,1,0,772,97.47474747,97.47,792,23,815,100
62,ISINGIRO,18,NYARUBUNGO,5,NYARUBUNGO/GARURA,239,0,0,1,1,3,1.265822785,1.27,0,0,1,0,0,231,97.46835443,97.47,237,2,239,100
96,NTOROKO,11,KASUNGU,4,KAJUURA CHRISTIAN FELLOWSHIP CHURCH,280,0,0,0,0,6,2.197802198,2.2,1,0,0,0,0,266,97.43589744,97.44,273,7,280,100
62,ISINGIRO,6,KABAARE,2,KAMUTINDA TRADING CENTRE,229,2,0,0,0,4,1.785714286,1.79,0,0,0,0,0,218,97.32142857,97.32,224,5,229,100
62,ISINGIRO,3,KYABAHESI,5,NKONGOORO CHURCH,404,2,0,0,0,5,1.240694789,1.24,0,0,3,0,1,392,97.27047146,97.27,403,1,404,100
65,KIRUHURA,1,BYANAMIRA,3,BYANAMIRA PRI SCH,788,3,0,0,1,12,1.526717557,1.53,1,0,5,0,0,764,97.20101781,97.2,786,2,788,100
45,SSEMBABULE,13,KABAAREKEERA,2,KASHONGOIRE,142,0,0,0,0,4,2.836879433,2.84,0,0,0,0,0,137,97.16312057,97.16,141,1,142,100
46,KAMWENGE,39,KYAKAITABA,1,MBARARA T/C,557,2,0,0,0,12,2.154398564,2.15,0,1,1,0,0,541,97.12746858,97.13,557,0,557,100
62,ISINGIRO,6,NYAMITSINDO,4,KAKYEKA C.O.U,206,0,0,0,0,2,0.9708737864,0.97,0,0,3,0,1,200,97.08737864,97.09,206,0,206,100
91,GOMBA,15,BUYANJA,3,LWAWEBA C.O.U,387,0,0,0,0,11,2.989130435,2.99,0,0,0,0,0,357,97.01086957,97.01,368,19,387,100
62,ISINGIRO,18,NYARUBUNGO,3,NYARUBUNGO II,598,18,0,0,0,0,0,0,0,0,0,0,0,580,96.98996656,96.99,598,0,598,100
27,MBARARA,13,BUNENERO,1,BUNENERO PARISH HQTRS,619,3,2,0,1,8,1.292407108,1.29,1,0,3,0,1,600,96.93053312,96.93,619,0,619,100
45,SSEMBABULE,20,KAKINGA,1,KAKINGA,263,0,0,0,0,7,2.692307692,2.69,0,0,0,0,1,252,96.92307692,96.92,260,3,263,100
62,ISINGIRO,2,KIGARAGARA,2,KASHESHE PRI SCH A,291,9,0,0,0,0,0,0,0,0,0,0,0,282,96.90721649,96.91,291,0,291,100
46,KAMWENGE,3,BUSINGE WARD,1,KIBOGO HOPE NURSERY SCHOOL,321,0,0,0,0,10,3.115264798,3.12,0,0,0,0,0,311,96.8847352,96.88,321,0,321,100
96,NTOROKO,11,KASUNGU,3,KASUNGU P/SCHOOL,636,1,1,1,0,9,1.426307448,1.43,0,0,8,0,0,611,96.83042789,96.83,631,5,636,100
62,ISINGIRO,45,KASHOGA,1,BUSINGYE PENTECOSTAL CHURCH,312,0,0,0,0,8,2.580645161,2.58,0,0,2,0,0,300,96.77419355,96.77,310,2,312,100
34,NTUNGAMO,55,MITOOMA,3,MITOOMA PRI SCH COMPOUND,427,6,0,0,0,4,0.9367681499,0.94,0,0,3,0,1,413,96.72131148,96.72,427,0,427,100
62,ISINGIRO,33,RWENYANGA,2,RWENYANGA C.O.U,494,4,0,0,0,9,1.848049281,1.85,1,0,1,0,1,471,96.71457906,96.71,487,7,494,100
62,ISINGIRO,5,BURUNGAMO,8,BURUNGAMO CATHOLIC CHURCH,362,2,0,1,2,5,1.38121547,1.38,0,0,1,0,1,350,96.68508287,96.69,362,0,362,100
62,ISINGIRO,1,KABAARE,5,RUBEHO,330,0,0,0,0,10,3.048780488,3.05,0,0,1,0,0,317,96.64634146,96.65,328,2,330,100
118,BUTEBO,29,KASUPETE,1,BULALAKA GROUNDS,383,0,0,0,1,12,3.149606299,3.15,0,0,0,0,0,368,96.58792651,96.59,381,2,383,100
62,ISINGIRO,22,KAGAAGA,5,RUMEYA C.O.U,293,0,0,0,0,8,2.730375427,2.73,0,0,1,1,0,283,96.58703072,96.59,293,0,293,100
131,KAZO,29,BYESHEMBE WARD,3,ST MATTHEW PRI SCH,327,0,1,0,0,5,1.557632399,1.56,0,0,4,0,1,310,96.57320872,96.57,321,6,327,100
62,ISINGIRO,15,KIGYENDWA,3,KIGYENDWA COFFEE FACTORY,526,1,0,0,3,12,2.294455067,2.29,0,0,1,0,1,505,96.5583174,96.56,523,3,526,100
62,ISINGIRO,18,RWAKAKWENDA,1,KATOOMA CHURCH SCH,431,4,2,0,0,9,2.088167053,2.09,0,0,0,0,0,416,96.51972158,96.52,431,0,431,100
62,ISINGIRO,8,RUKUUBA,2,NYAMABARE,363,1,0,0,0,6,1.754385965,1.75,0,0,2,0,3,330,96.49122807,96.49,342,21,363,100
65,KIRUHURA,14,BIJUBWE,4,BIJUBWE CATHOLIC SCH,199,0,0,0,0,7,3.51758794,3.52,0,0,0,0,0,192,96.48241206,96.48,199,0,199,100
62,ISINGIRO,49,RWAKASASIRA,1,RWANJOGYERA T C,286,1,0,0,0,3,1.071428571,1.07,0,0,2,3,1,270,96.42857143,96.43,280,6,286,100
62,ISINGIRO,28,KANKINGI,4,KANKINGI,436,3,0,0,0,11,2.52293578,2.52,0,0,2,0,0,420,96.33027523,96.33,436,0,436,100
62,ISINGIRO,6,KABAARE,5,KAREREMA C.O.U,490,0,0,1,0,14,2.874743326,2.87,1,0,1,1,0,469,96.30390144,96.3,487,3,490,100
62,ISINGIRO,6,KABAARE,6,KYOOGA,213,2,0,0,1,5,2.392344498,2.39,0,0,0,0,0,201,96.1722488,96.17,209,4,213,100
34,NTUNGAMO,49,KANYERERE,2,NYAMABEERE PRI SCH,288,1,0,0,0,10,3.533568905,3.53,0,0,0,0,0,272,96.1130742,96.11,283,5,288,100
34,NTUNGAMO,19,RWOHO WARD,1,RWOHO SEC SCH,535,8,0,0,0,12,2.285714286,2.29,0,0,1,0,0,504,96,96,525,10,535,100
96,NTOROKO,10,KIRANGA,2,KIRANGA II FELLOWSHIP CHURCH,356,0,0,0,0,6,1.714285714,1.71,0,0,6,0,2,336,96,96,350,6,356,100
62,ISINGIRO,14,RWANGABO,3,KIJU GROUND,414,0,0,0,0,17,4.106280193,4.11,0,0,0,0,0,397,95.89371981,95.89,414,0,414,100
62,ISINGIRO,29,KIKAGATE WARD,1,KIKAGATE PRI SCH,457,1,0,0,0,14,3.070175439,3.07,1,0,0,1,2,437,95.83333333,95.83,456,1,457,100
62,ISINGIRO,5,RUBOROGOTA,4,RUBOROGOTA PARISH HQTRS B,311,3,0,0,0,9,2.893890675,2.89,0,0,0,0,1,298,95.81993569,95.82,311,0,311,100
27,MBARARA,32,MITOOZO,4,ORUBARE TRADING CENTRE (M-Z),501,4,0,0,0,12,2.443991853,2.44,0,0,5,0,0,470,95.72301426,95.72,491,10,501,100
62,ISINGIRO,1,KASHUMBA,5,KASHUMBA HEALTH CENTRE III,366,0,0,1,0,8,2.191780822,2.19,0,0,6,0,1,349,95.61643836,95.62,365,1,366,100
62,ISINGIRO,31,IHUNGA,4,EKYEMBOGO T C,137,2,0,0,0,1,0.7299270073,0.73,0,0,0,0,3,131,95.62043796,95.62,137,0,137,100
62,ISINGIRO,20,IRYANGO WARD,4,RYABOONA C.O.U,354,1,2,0,0,13,3.724928367,3.72,0,0,0,0,0,333,95.41547278,95.42,349,5,354,100
62,ISINGIRO,8,RUKUUBA,5,KAGYERA HILL,273,3,0,0,1,8,2.985074627,2.99,1,0,0,0,0,255,95.14925373,95.15,268,5,273,100
96,NTOROKO,28,MUKIMBA,1,MUKIMBA MUTARD SEED CHURCH,414,0,0,0,1,13,3.170731707,3.17,0,0,6,0,0,390,95.12195122,95.12,410,4,414,100
131,KAZO,10,MBOGO,3,OMUKANANASI TRADING CENTRE,408,4,0,1,1,6,1.470588235,1.47,0,0,4,1,3,388,95.09803922,95.1,408,0,408,100
62,ISINGIRO,2,KIGARAGARA,1,KIGARAGARA HEALTH CENTRE II,386,1,0,0,1,17,4.415584416,4.42,0,0,0,0,0,366,95.06493506,95.06,385,1,386,100
62,ISINGIRO,24,NYABUBAARE,2,KATUNTU PRI SCH,465,1,0,0,0,21,4.535637149,4.54,1,0,0,1,0,439,94.81641469,94.82,463,2,465,100
62,ISINGIRO,29,RWEKUBO WARD,4,KAHIRIMBI PRI SCH (M-Z),568,8,0,0,0,18,3.220035778,3.22,0,0,1,1,1,530,94.81216458,94.81,559,9,568,100
91,GOMBA,14,BUGULA,3,KASHONGI,173,0,0,0,1,8,4.733727811,4.73,0,0,0,0,0,160,94.67455621,94.67,169,4,173,100
34,NTUNGAMO,41,KITOJO WARD,1,RUSHEBEYA GROUNDS,419,5,0,0,0,14,3.341288783,3.34,0,0,1,2,1,396,94.51073986,94.51,419,0,419,100
27,MBARARA,19,BWENGURE,3,BWENGURE III C.O.U,554,1,0,1,2,20,3.65630713,3.66,0,0,5,1,1,516,94.33272395,94.33,547,7,554,100
62,ISINGIRO,6,KABAARE,7,ISHOZI ROCK TANK,299,2,0,0,0,11,3.678929766,3.68,0,0,4,0,0,282,94.31438127,94.31,299,0,299,100
62,ISINGIRO,28,KANKINGI,3,RUKINGA NURSERY SCH,418,2,0,0,1,17,4.066985646,4.07,0,0,0,3,1,394,94.25837321,94.26,418,0,418,100
62,ISINGIRO,20,IRYANGO WARD,2,IRYANGO PRI SCH,1064,3,1,0,1,51,4.852521408,4.85,1,0,5,1,1,987,93.91056137,93.91,1051,13,1064,100
46,KAMWENGE,17,KIZIBA,4,NYAMABARE C.O.U,412,3,0,0,0,18,4.390243902,4.39,0,0,3,0,1,385,93.90243902,93.9,410,2,412,100
62,ISINGIRO,6,KABUGU,3,KIGABAGABA PRI SCH A,343,1,1,0,0,14,4.142011834,4.14,1,0,3,0,1,317,93.78698225,93.79,338,5,343,100
62,ISINGIRO,27,KYABINUNGA,3,RWANYAKIHANGA,228,0,0,0,0,14,6.25,6.25,0,0,0,0,0,210,93.75,93.75,224,4,228,100
34,NTUNGAMO,41,KITOJO WARD,2,RURAMA TRADING CENTRE,537,4,0,0,1,23,4.283054004,4.28,1,0,4,0,1,503,93.66852886,93.67,537,0,537,100
62,ISINGIRO,1,KISYORO WARD,1,KABUYANDA ADVENTIST CHURCH,691,4,3,0,3,23,3.479576399,3.48,0,0,4,3,2,619,93.64599092,93.65,661,30,691,100
45,SSEMBABULE,5,KYEBANDO,4,KASANSA,317,0,0,0,0,19,6.188925081,6.19,0,0,1,0,0,287,93.48534202,93.49,307,10,317,100
78,BUDUDA,50,MAIKA,1,TEMBI P/S,187,0,0,0,0,9,4.918032787,4.92,0,0,1,0,2,171,93.44262295,93.44,183,4,187,100
65,KIRUHURA,38,KASHONGI,1,KASHONGI SUB COUNTY HQTRS,505,0,0,0,3,25,5,5,0,0,4,0,1,467,93.4,93.4,500,5,505,100
36,RAKAI,49,RWAKAKARA,4,RWAKACUCU,473,1,0,0,0,30,6.396588486,6.4,0,0,0,0,0,438,93.3901919,93.39,469,4,473,100
91,GOMBA,15,BUYANJA,1,LUZIGA C.O.U,157,0,0,0,0,10,6.756756757,6.76,0,0,0,0,0,138,93.24324324,93.24,148,9,157,100
27,MBARARA,22,KYANDAHI,3,KYENDAHI 3,491,4,0,0,3,23,4.684317719,4.68,0,0,4,0,0,457,93.07535642,93.08,491,0,491,100
62,ISINGIRO,7,NYAMUYANJA,1,NYAMUYANJA HEALTH CENTRE,633,0,0,0,1,34,5.396825397,5.4,1,2,5,1,0,586,93.01587302,93.02,630,3,633,100
62,ISINGIRO,30,RUHIIRA NORTHERN WARD,2,OMWICWAMBA,265,1,0,0,0,15,5.660377358,5.66,1,0,0,2,0,246,92.83018868,92.83,265,0,265,100
62,ISINGIRO,12,KASHOJWA,3,KAROKARUNGI,536,9,0,0,2,28,5.333333333,5.33,0,1,0,1,0,484,92.19047619,92.19,525,11,536,100
62,ISINGIRO,32,KABAARE WARD,6,RUHANGA BOREHOLE GROUNDS,153,4,0,0,0,7,4.666666667,4.67,0,0,0,0,1,138,92,92,150,3,153,100
62,ISINGIRO,33,KIRYABURO WARD,2,RWANKAKIRI PLAYGROUND,693,4,3,0,0,45,6.493506494,6.49,3,0,1,0,0,637,91.91919192,91.92,693,0,693,100
62,ISINGIRO,11,KYARUBAMBURA,4,KYAMUTURA,381,3,0,0,0,26,6.824146982,6.82,1,0,1,0,0,350,91.86351706,91.86,381,0,381,100
62,ISINGIRO,29,RWEKUBO WARD,6,KAKUNYU JUNIOR SCHOOL,691,17,0,0,0,40,5.805515239,5.81,0,0,0,0,0,632,91.72714078,91.73,689,2,691,100
62,ISINGIRO,17,KYARUGAAJU,5,RUBIRA TRADING CENTRE,226,4,0,0,0,9,3.982300885,3.98,0,0,3,0,3,207,91.59292035,91.59,226,0,226,100
34,NTUNGAMO,53,NYONGOZI WARD,1,NYONGOZI C.O.U,532,5,0,2,3,30,5.69259962,5.69,1,0,4,0,0,482,91.46110057,91.46,527,5,532,100
62,ISINGIRO,27,KYABINUNGA,5,KYABINUNGA HEALTH CENTRE II B,232,1,0,0,0,17,7.488986784,7.49,0,0,2,0,0,207,91.18942731,91.19,227,5,232,100
62,ISINGIRO,31,BITOOMA,3,RWABASHANDURA C.O.U,289,2,0,0,1,22,7.612456747,7.61,1,0,0,0,0,263,91.00346021,91,289,0,289,100
62,ISINGIRO,5,BURUNGAMO,3,KYAKABINDI PARENTS SCH,500,38,0,0,0,7,1.414141414,1.41,0,0,0,0,0,450,90.90909091,90.91,495,5,500,100
34,NTUNGAMO,50,KYAMWASHA B,1,KYAMWASHA HEALTH CENTRE,491,8,1,0,0,29,6.092436975,6.09,1,0,2,3,0,432,90.75630252,90.76,476,15,491,100
34,NTUNGAMO,51,NYAKIBAARE,1,KIHANGA PRI SCH I,275,2,0,1,0,17,6.181818182,6.18,0,0,4,2,0,249,90.54545455,90.55,275,0,275,100
89,BULAMBULI,19,BUMUGUSHA,2,BUMUGUSHA HC III,197,0,0,0,0,18,9.230769231,9.23,1,0,0,0,0,176,90.25641026,90.26,195,2,197,100
89,BULAMBULI,65,KIBANDA,1,KIBANDA T/C,306,3,0,1,1,23,7.958477509,7.96,1,0,0,0,0,260,89.96539792,89.97,289,17,306,100
62,ISINGIRO,3,KIKOKWA,5,BIRERE,291,1,0,1,2,23,8.156028369,8.16,1,0,1,0,0,253,89.71631206,89.72,282,9,291,100
48,KYENJOJO,44,KAITANYANA,1,KIZIRAHETE T/C,227,1,0,0,1,18,8.14479638,8.14,0,0,0,1,2,198,89.59276018,89.59,221,6,227,100
45,SSEMBABULE,8,LUTUNKU,3,KASOZI T/C,269,0,0,0,0,28,10.6870229,10.69,0,0,0,0,0,234,89.3129771,89.31,262,7,269,100
27,MBARARA,38,NTUURA,4,OMUKAGYERA PRI SCH (M-Z),493,3,0,0,1,39,8.024691358,8.02,0,0,8,3,1,431,88.68312757,88.68,486,7,493,100
62,ISINGIRO,10,KYAMPANGO WARD,1,RUGAAGA HEALTH CENTRE IV,484,0,0,0,0,50,10.48218029,10.48,0,1,3,1,0,422,88.46960168,88.47,477,7,484,100
34,NTUNGAMO,60,KAKUKURU WARD,2,MIGYERA PRI SCH,237,8,0,0,0,15,6.465517241,6.47,0,0,3,0,1,205,88.36206897,88.36,232,5,237,100
62,ISINGIRO,24,KABEREBERE EAST WARD,2,LUKA MEMORIAL PRI SCH (A- M),462,1,0,0,1,51,11.15973742,11.16,0,0,1,0,0,403,88.18380744,88.18,457,5,462,100
89,BULAMBULI,73,LUZZI,3,BILINDA GCS,172,0,0,1,1,19,11.04651163,11.05,0,0,0,0,0,151,87.79069767,87.79,172,0,172,100
89,BULAMBULI,13,BUKIBOLOGOTO,1,BUKIBOLOGOTO G.C.S,212,1,1,1,0,22,10.37735849,10.38,0,0,0,0,1,186,87.73584906,87.74,212,0,212,100
46,KAMWENGE,4,NTONWA,9,NTONWA PRI. SCH. (A-K),380,3,0,0,0,44,11.57894737,11.58,0,0,1,0,0,332,87.36842105,87.37,380,0,380,100
89,BULAMBULI,3,KIRWALI,1,BUGINYAYA S/CTY HQTRS.,412,2,0,0,0,48,11.85185185,11.85,0,0,0,0,2,353,87.16049383,87.16,405,7,412,100
36,RAKAI,39,LUKERERE,1,RYERU,749,0,0,3,0,89,12.07598372,12.08,0,0,2,1,2,640,86.8385346,86.84,737,12,749,100
62,ISINGIRO,12,KASHOJWA,1,KIRETWA NURSERY SCH,651,6,0,0,1,70,10.80246914,10.8,1,1,2,3,2,562,86.72839506,86.73,648,3,651,100
62,ISINGIRO,26,KABEREBERE WEST WARD,1,KABEREBERE COMMUNITY CENTRE,534,3,0,0,0,62,11.83206107,11.83,0,0,4,0,1,454,86.64122137,86.64,524,10,534,100
62,ISINGIRO,12,MABONA WARD,3,MABONA III,672,13,0,2,3,70,10.52631579,10.53,0,0,1,1,1,574,86.31578947,86.32,665,7,672,100
62,ISINGIRO,24,KABEREBERE EAST WARD,3,KYENYANGI CHURCH SCHOOL,527,3,0,0,1,63,12.35294118,12.35,1,0,2,0,0,440,86.2745098,86.27,510,17,527,100
34,NTUNGAMO,22,KITASHEKWA WARD,2,RWERA PRI SCH,229,8,0,0,0,19,8.370044053,8.37,0,0,4,1,0,195,85.9030837,85.9,227,2,229,100
53,YUMBE,45,KANABU WARD,1,KANABU PRIMARY SCHOOL,122,1,0,0,0,16,13.33333333,13.33,0,0,0,0,0,103,85.83333333,85.83,120,2,122,100
89,BULAMBULI,3,KIRWALI,2,ELIMU CHURCH,296,1,0,0,0,41,13.85135135,13.85,0,0,0,0,0,254,85.81081081,85.81,296,0,296,100
62,ISINGIRO,24,KABEREBERE EAST WARD,4,LUKA MEMORIAL PRI SCH (N- Z),368,4,0,0,2,41,11.45251397,11.45,0,0,3,0,1,307,85.75418994,85.75,358,10,368,100
62,ISINGIRO,3,KIKOKWA,6,MIKONOIGANA GROUND,277,2,0,1,2,33,12.08791209,12.09,0,0,1,0,0,234,85.71428571,85.71,273,4,277,100
118,BUTEBO,33,KINAKUMI,2,OLINGA'S GROUND,300,3,1,0,0,36,12.16216216,12.16,0,0,2,0,2,252,85.13513514,85.14,296,4,300,100
106,MITOOMA,41,KARANGARA,1,KARANGARA CATHOLIC CHURCH,197,5,0,2,0,16,8.24742268,8.25,0,0,6,0,0,165,85.05154639,85.05,194,3,197,100
45,SSEMBABULE,5,BULONGO,7,KABEWO,473,0,0,0,0,67,14.85587583,14.86,0,0,2,1,0,381,84.4789357,84.48,451,22,473,100
53,YUMBE,83,MULUMBE,4,ACHILAKA T/C,277,2,1,1,2,29,10.46931408,10.47,2,2,0,1,3,234,84.4765343,84.48,277,0,277,100
89,BULAMBULI,90,TABALI,2,BUGINYANYA P.S.,192,0,0,0,1,31,16.23036649,16.23,0,0,0,0,0,159,83.2460733,83.25,191,1,192,100
18,KISORO,10,GISORORA,1,NYAKABANDE PRI SCH PLAYGROUND A,365,2,0,0,1,52,14.77272727,14.77,2,0,2,0,1,292,82.95454545,82.95,352,13,365,100
118,BUTEBO,12,KITOIKA WONONI,1,TINGOLI C/U,543,4,1,1,0,87,16.14100186,16.14,0,0,1,0,0,445,82.56029685,82.56,539,4,543,100
69,NAKASEKE,65,NGOMA CENTRAL WARD,1,NGOMA PLAYGROUND,613,0,0,0,1,104,17.13344316,17.13,0,0,1,1,0,500,82.3723229,82.37,607,6,613,100
62,ISINGIRO,11,KAMURI WARD,8,MUSLIM PRI SCH/KAMURI I (O-Z),269,7,0,1,0,32,12.16730038,12.17,0,0,0,0,7,216,82.12927757,82.13,263,6,269,100
62,ISINGIRO,2,KYAMUSONI,2,KYAMUSOONI PRI SCH,738,11,1,0,2,105,14.22764228,14.23,0,1,13,0,1,604,81.84281843,81.84,738,0,738,100
15,KASESE,25,KATUNGURU,1,KATUNGURU PRI. SCH.,786,5,0,4,1,129,16.58097686,16.58,0,0,5,1,1,632,81.23393316,81.23,778,8,786,100
89,BULAMBULI,60,GANZO,1,KITOBO C.O.U,450,4,1,0,0,74,17.61904762,17.62,0,0,0,0,0,341,81.19047619,81.19,420,30,450,100
62,ISINGIRO,3,KIKOKWA,1,RWEIZIRIINGIRO,370,1,0,0,0,67,18.66295265,18.66,0,0,0,0,0,291,81.05849582,81.06,359,11,370,100
78,BUDUDA,53,SHIBANGA,1,BUNASITYA MAIN,153,4,0,0,1,25,16.44736842,16.45,0,0,0,0,0,122,80.26315789,80.26,152,1,153,100
53,YUMBE,44,AKAYA WARD,2,TENDELE MANGO TREE,230,4,0,1,1,38,16.74008811,16.74,0,0,2,0,0,181,79.73568282,79.74,227,3,230,100
62,ISINGIRO,12,KASHOJWA,2,KASHOJWA PARISH HQTRS,534,20,0,0,0,77,15.2173913,15.22,1,0,4,1,1,402,79.44664032,79.45,506,28,534,100
34,NTUNGAMO,28,NGOMBA WARD,5,KATOOMA C.O.U,236,44,0,0,2,6,2.666666667,2.67,0,0,2,0,0,171,76,76,225,11,236,100
118,BUTEBO,60,KANGINIMA WARD,1,KANGINIMA PRI. SCH.,170,1,2,0,0,39,23.07692308,23.08,0,0,1,0,0,126,74.55621302,74.56,169,1,170,100
78,BUDUDA,40,RENYELI,1,RENYELI P/S,220,1,1,1,0,51,24.75728155,24.76,0,0,0,0,0,152,73.78640777,73.79,206,14,220,100
26,MBALE,56,NALUMOYA WARD,2,MUJINI SOCIAL CENTRE,335,3,1,0,0,89,27.05167173,27.05,0,0,1,0,0,235,71.42857143,71.43,329,6,335,100
53,YUMBE,41,NYAI WARD,1,NYAI,347,10,2,0,0,103,30.74626866,30.75,3,0,0,0,1,216,64.47761194,64.48,335,12,347,100
34,NTUNGAMO,1,BUTARE,3,MUJWA PRI SCH,522,59,0,0,4,54,10.56751468,10.57,2,1,81,0,0,310,60.66536204,60.67,511,11,522,100
53,YUMBE,46,KULULUA WARD,1,AWUNANA,90,6,2,4,0,26,29.88505747,29.89,0,1,0,1,1,46,52.87356322,52.87,87,3,90,100
26,MBALE,15,BUSHIUYO,3,BUSHIUYO PRI. SCH.,250,2,1,2,0,110,45.08196721,45.08,0,0,1,0,0,128,52.45901639,52.46,244,6,250,100
142,MBALE_CITY,42,NANYUNZA,1,MAKOSI T/C,622,13,1,1,0,294,47.26688103,47.27,1,0,0,1,1,310,49.8392283,49.84,622,0,622,100
78,BUDUDA,45,NAMAITSU,2,NAMAITSU PRI SCH,443,4,0,1,0,311,73.52245863,73.52,0,0,0,1,0,106,25.05910165,25.06,423,20,443,100